{"cameraMode":{"drawMode":0,"name":"Shaded","section":"Shading Mode"},"sceneLighting":true,"audioPlay":false,"sceneViewState":{"m_AlwaysRefresh":false,"showFog":true,"showSkybox":true,"showFlares":true,"showImageEffects":true,"showParticleSystems":true,"showVisualEffectGraphs":true,"m_FxEnabled":false},"in2DMode":false,"pivot":{"x":0.015813473612070085,"y":-0.02345152571797371,"z":-6.340902805328369},"rotation":{"x":0.0749306008219719,"y":-0.0008967735921032727,"z":0.0000616491524851881,"w":0.9971984028816223},"size":6.834802627563477,"orthographic":false}